horas_preparacion,tamano_clase,anos_experiencia,eficacia_docente
2.06641760120051,39,2.6387620431278247,61.42960313613372
3.9600889859044983,37,21.830971317596944,87.75636029888948
13.281715454058407,55,26.128842200862685,121.20866685782697
9.35306610422327,26,14.871081758856937,83.7091801119355
6.750941782989532,37,23.4088438276367,93.36623511617691
8.277446994239265,37,22.97187046988444,89.19075205610694
12.788871336989983,48,1.8936528473499825,71.25973809489925
6.753466962086487,32,2.2548245103944975,76.9182877140997
10.722637415959134,17,1.8656870571396267,68.76613395181371
3.3925545342302508,52,25.12007847005929,109.45366090125404
10.263003420437057,53,38.224884800536955,127.26754392347928
8.166586624763065,38,0.702703716872981,74.58456652616285
14.023238122105742,38,38.09614617796485,130.93995717261896
6.234118186159499,23,18.371837818763236,78.7215107425937
2.0216502009195043,10,3.360071524123067,62.044683207755895
7.321901414674779,38,2.829366664910924,57.175840940302905
1.1389841871598438,18,10.934155591985295,63.905012900933606
8.537318664386252,40,38.38060624997325,119.35948626209249
8.473568512871475,20,34.37352136190081,112.39717696349845
4.892392866291776,53,18.044155912612858,98.08540474981722
14.365646102542767,59,29.014586618248295,123.21297901911936
2.8456381584733865,42,21.465492837798056,86.5832142954548
3.593441714746928,10,26.37230227737374,93.07036792048919
7.034026720874075,35,32.686119666123574,98.93755359513474
5.141658164286796,10,29.55681784512704,108.36527242900992
3.0998570930575617,10,27.45093532236361,91.87936889948061
12.563816931190683,15,15.687094498345097,100.93798769310588
13.357010949788451,44,39.67967947907716,134.7913317411155
10.150341455417236,17,16.38594736530009,84.0471545122974
7.613947228411272,22,12.19916398553531,90.16900127550193
6.612302119232208,18,4.1774516700716235,65.19443544069735
14.088763589470494,26,37.374928907449714,142.47676256212233
12.518248091801025,36,1.171205759332965,65.1578603032784
0.01685902489830915,55,3.2265844237725627,62.573629408802326
9.985575456406444,10,2.2993551333314244,63.90398045683744
11.201713258700067,23,30.267160090121685,97.91703718515396
4.2954069165679645,18,12.79407900594757,78.40875376008505
10.174411332140656,42,6.1972754725281565,64.54321248398085
4.857056480306318,20,15.546244025346411,73.94945685724598
8.494783540096602,38,13.452958944876015,100.83993559857718
8.743443317322027,24,12.990483587811696,77.17006706570027
14.303932798758703,10,23.789571166828523,106.81054607911646
3.127803586037656,59,38.6136447803956,112.66947657389603
11.346346704455812,28,0.536154231694983,78.02396353752454
14.98107625600004,47,21.92020407792786,107.28930284396438
0.5525182940164691,13,34.702334074292466,92.63137013229922
6.7741020617738,49,33.31330107480725,103.06471739781999
3.816176108250332,49,11.645084032949736,79.94206848898807
11.6452137934203,11,31.320187558641877,111.85276189018273
12.557930671268915,33,21.180067459359012,99.30072074875395
3.5914518208596586,26,38.631594524421445,123.59722220893305
3.048440582532531,35,37.161417439856926,102.15180966914043
12.260369979453293,58,5.0235783502285924,72.66491136449461
9.785600356765375,32,0.7910193560446155,61.81284116941082
0.06204498261150215,42,11.879347592684915,65.1146897418476
7.738775628406497,57,9.705802596211255,85.21706508510546
4.596578731486406,25,12.480641496249024,80.69821776344317
14.857031427665923,38,27.705014836640352,113.27773184065981
6.6540627041012375,29,6.492338062200882,77.51117137816219
9.250254416753796,32,2.664747119711648,67.61303204468868
4.466247233858092,10,17.58235002453859,82.5118894014144
6.061177331830535,11,11.343357941676464,76.67574083567716
3.457401807455577,33,22.631131827121855,78.19301972366395
3.5836355510491784,10,21.147159590904522,87.45650402328403
11.661486525383662,40,12.830904151661695,95.44224290711506
13.098653193729575,26,10.428709300268952,88.55971698111735
8.369186911617597,17,18.36219321208624,93.99447911497694
7.911742485641917,40,31.242197212184806,100.55203397178221
8.302609886381829,59,35.93593146337787,136.692678730333
9.22121480960222,36,5.403736975901716,56.820011951621666
1.2849491658284262,45,1.599475101692538,59.722694863665986
4.632337758396348,32,22.38450336866235,94.96373679118166
10.428854797336399,31,39.76247389314508,115.76072456348523
5.905085366525903,37,2.30423021871061,59.955057028971396
8.900857425419693,32,1.8081137058342778,70.0327813854019
2.8282055841459535,17,3.2148711661023066,48.936223390822825
7.21019007460472,33,23.562389632092348,92.60391864142264
13.406673606036088,59,28.543375194574292,126.7192633432481
14.524659828910965,13,30.144313406327793,105.92439953762509
12.87354392226713,35,13.324781559663656,90.23810708227151
14.5594965256719,48,20.668875624017268,100.32093584373406
2.87221945787641,43,21.94597425022261,80.26097356966126
0.8218127715629686,11,39.58655212270607,114.01087010676832
4.883655748044783,47,2.4714360992197504,71.4335591687887
3.29280284206974,25,1.1826117994747243,52.38705052862708
14.892381251578307,18,11.044959055974708,94.01883779856635
13.000441182765515,48,1.260998559580222,80.692356873268
14.122579484081129,17,38.24861252397908,141.51029390001202
13.556328504751795,54,3.9438665287074137,97.16523884425797
13.764804651612584,10,20.670012670230008,107.81858318975645
0.8477320466819094,34,21.48075598456337,73.27919832505408
11.594690933863768,15,10.293917713472913,80.02160115987516
11.80913386473749,37,29.717162845830586,116.3546090316621
12.962198896452621,32,31.013479353740422,113.19862913524273
13.88134781996306,39,8.989571171951912,85.88741429876414
10.836106915916945,54,3.8213204433842485,93.25909566397029
14.52768565543491,38,38.42235201350633,136.95591190806874
13.133405096898773,14,14.666243940156697,83.26064186892273
5.341612807759073,19,6.04591451087773,59.98812319362053
7.180934252092432,23,7.892984951481945,74.95956552555042
9.876998864806476,31,3.584195001818218,72.78461153666017
13.705021145588736,19,38.371684670379246,145.6930671214035
5.632587583474368,50,1.1574390249737077,62.5068212737879
1.58040457123797,57,32.713680858606004,93.4913681451981
2.4061596552605784,28,35.77154543244461,102.83441926245023
11.766445062591618,22,39.26592615229501,129.3073570955907
10.531099356327383,25,13.784894432389386,83.9200369528229
9.95464553793652,26,25.904976475183815,104.8731704162045
0.22559717022234527,55,13.412565636075113,78.1127561441525
3.036334237023397,21,28.711704569076517,97.81842711684905
12.906136255834456,50,11.292632523148672,95.46470750373177
5.384732667027804,55,6.733103921429451,66.6463321053715
0.8034054109421085,32,35.686677784651316,99.09461044205253
11.249565553227882,41,7.882701347473193,85.54107580190538
13.465274170618558,27,36.4464332930024,115.67301335338033
8.430642517291126,23,29.038971328793394,106.38243984741732
4.698475071672811,41,23.622315354652073,80.56779717634804
7.093938243607875,34,2.641449075877671,68.86066269639733
7.656028883114365,42,27.631442205093514,103.0165698805622
4.273693042142823,31,16.89425254793909,83.12730614534817
6.150205968853638,37,29.344561067946557,102.18680574686172
9.286305595037206,52,27.8953847526773,121.12686049666114
8.2675937423442,11,37.107005401552925,117.56374192401923
14.524687364408482,51,33.10959345306223,128.30700068991828
1.0585260338990183,45,4.898964271108985,51.138844881868216
11.398224400609397,46,38.99744993596351,143.66919848632844
1.2321147495680285,20,23.565709669403276,81.5333358545639
13.719361377125058,51,32.48803579229621,118.03332492906323
13.951333998559983,10,10.351976873262707,94.15881853088825
14.709452112273736,55,6.27349991627562,96.05044000699448
1.704241792754742,49,26.36233396970761,91.35347626693479
14.02346849793368,10,14.6720981094929,95.53199948302641
0.16765564363122487,46,4.581239650107731,54.971642081113544
7.442159318614529,12,8.63623741773579,76.85980450592277
0.8610660798123221,17,7.862620043904838,65.43017765530787
10.040581431218502,11,17.123860122798945,76.52290509609041
11.559124765928827,42,28.797081653788894,113.0373100610026
4.301666370646112,27,39.276113650053894,117.70301251192151
2.48670976634708,39,33.18765387746372,93.20418229169721
1.3819895305024037,58,5.878472538610682,75.97416776313324
8.249420067317828,45,15.22142837073567,91.69369322520286
5.510946683285969,34,25.081734497191057,94.26580463999133
0.7882124578807781,22,38.57458297130571,103.26064483079625
6.67528084755654,13,2.50250857322587,79.04952565377556
8.295266358036256,48,2.4746864147620906,76.79760655577917
8.497192280801102,17,36.57485970862028,101.6754200717467
8.699653356232675,30,17.19581591482505,75.25246671850331
13.07030832221757,26,8.600990778727375,81.37301364658248
6.907945333087206,58,14.121869868936585,72.95608247453634
4.5052783076636,55,37.806008440464915,140.89363892579956
11.838696804788189,11,8.813947581287422,71.77308874915147
7.585461074195206,26,35.65087968917257,107.03248257097995
3.1835820749570996,17,18.035587974421897,76.93857591434235
3.045856769552257,14,35.489251198375065,104.34606212281253
7.052918063651312,48,30.577502233781367,116.21236141302498
8.288012869532292,20,10.808128392663075,94.62872986626547
7.194057603665928,46,37.35023678915724,115.41005365088455
7.539719665298716,36,26.91069611864849,115.80583095767508
6.05369601670714,58,2.2961200833727746,80.85499824629426
3.1074543173498617,38,37.61082272863237,107.69002041817541
3.8881680545326365,40,1.5110783055866284,52.7408749280033
3.6972337008739236,39,39.194287820700566,123.02780726221792
14.286610900544844,22,34.62604809348227,118.80215673993402
9.553442893047453,20,34.279475936117926,126.36016544426593
4.399943933016084,46,36.9460615651502,123.41622736904962
8.521381410119156,15,10.710917651510993,87.01189352262553
2.474059942189864,17,24.502552848209028,81.12503826310675
6.253770583247152,59,27.418104000030286,97.80763857431151
10.942949680750633,39,7.7646086222191,83.62864079846707
10.83108660561697,28,14.557082871411353,84.43825255445607
1.884969197092356,41,33.75567502630402,92.53536797305024
12.376268549639548,59,1.238790584049685,87.24450235977186
3.8988488620458766,59,15.717373895663801,80.36075877091271
13.75909650918695,21,38.502347531066334,129.8373651888488
6.773174355142302,38,17.096382114361326,87.33438340776553
9.610881260532073,35,23.932825596095203,95.87606221540426
13.017122338928399,43,15.995961946483185,85.11278606543065
8.080500014255971,48,4.446232995330948,79.14689401096618
12.007552353452994,43,29.999483659847847,110.76462749342024
1.8336942084391534,55,6.434161605006374,66.19264419032747
8.741148999680556,34,29.712869329218783,106.0863470977737
4.613514207773964,48,4.4753379113203495,57.43594855778357
7.171585575971968,32,7.3225363707037605,65.76855247754804
2.7667027142022063,41,5.473182648304751,63.28759231660824
4.418846984278984,27,7.725266037930871,63.67586570887506
9.094147061994647,47,6.719009576806441,63.84257126967579
4.144069152441863,37,9.769219625029852,73.3664472097991
8.366897277626563,12,34.72803237891143,115.49316749118402
4.691809111786312,24,9.377616313473855,82.32157481537229
10.130439755644499,34,19.444973391956122,80.687878485277
3.1598593132663355,49,23.751287214805178,86.73833394413279
8.887125160275811,11,1.5562722984694632,63.300301076868934
5.75917919046887,20,23.443511924296878,97.13314258596621
14.771325260032533,20,33.686633620049015,114.4086903398575
3.654104787003623,43,21.285456248746804,75.53806962134315
3.173654785227647,16,21.854348236807233,79.6533071069386
5.824486166581996,57,30.976036798973222,126.9000420686139
10.41002635493584,36,7.727339633995105,73.69770789712402
1.08821291358419,32,7.804545698312979,56.86619624714433
2.913426244147217,54,32.65326406463388,113.02285254112698
5.565683300087766,14,32.11551140232158,107.34122045734865
10.974377289578364,11,33.23833452121165,116.48324650406101
13.016571355721783,46,31.34168260512929,117.32173092737965
6.498429971037226,53,3.112341706242727,71.15357188622043
10.600945121238098,57,19.915212371182434,109.7321251099396
1.4192583174365714,17,5.035175956645852,65.08278133119761
10.072916023108663,20,28.82046906832173,103.54046853628267
4.6865122566165685,46,39.9364955845628,107.7649547875342
10.08691061731954,47,7.729649044861664,92.84783108518491
11.537829657590747,14,27.3844036983836,111.93629342594576
13.307731855731001,18,31.65399598126293,119.49252514966491
9.737403947681033,40,5.466410028151261,71.42818037448016
5.99116026527568,41,14.467717109090898,87.51925374898525
11.904176862501943,30,14.99772797857258,79.34173904228817
11.639672311604329,40,2.3334552344828507,79.81563026183154
14.021461138607226,30,7.066946874134863,90.03998368645773
6.327632011748571,41,5.260646395609245,62.76032177407885
6.571269260285494,25,18.634512196361115,80.76077710986665
11.931893385850552,18,32.12617045411508,112.03700900396454
5.049928874995308,53,10.901099911412322,73.788612006823
9.831968542549918,57,25.867993662917446,108.73736543261202
1.2908804570334353,13,9.493490387030636,58.88727264657862
0.13970574940716962,30,32.287787718203646,89.32899360146013
1.0301421936039161,40,35.79759783716817,109.23129551218788
0.16376431729828722,48,31.077250983322422,91.48219422976746
4.330668948895592,22,29.213407869459314,84.18508850806634
4.361049856365461,12,3.5090847447920437,67.18318511869789
13.171391655267216,42,17.307384819615077,100.0663581859746
5.61031429960197,59,23.637480809179046,93.00452531595816
0.7770035921736296,36,16.644542624315868,65.13126751521877
9.609833866060452,11,24.16373106490702,90.56955738995741
4.66295636662292,58,31.020807722685237,109.76745281212912
7.1376571260346635,27,21.176804876167793,89.9860506970115
11.51674016719718,37,39.427720043189986,128.57014385368007
1.3215439062046064,57,14.1457457003037,83.09715779638599
3.9379434974694085,17,10.324565403257647,71.93495690686164
2.792913120884895,46,32.58880989887374,100.84118193810816
5.181389625520947,40,29.555655172806127,94.41934854789235
1.178108649500305,40,32.757159462591204,99.52736477451673
8.908993207865356,15,26.719161966044325,97.0210736042008
4.852414689479101,17,9.243479330258403,71.35662422588092
3.415748960919147,27,12.434806349405147,59.482695135541476
3.168827759823784,16,10.000942299820696,64.5121876980138
2.3130937176597994,22,33.355441527964416,103.2405242903663
12.341911041104884,12,16.301314337523923,95.63223848774635
12.59726352843493,15,10.061327236976503,87.38803271088206
9.67815708518478,24,21.50029834662988,97.32297437315711
9.457493436628146,11,32.06192767593721,118.88986854772321
9.318485296113513,24,24.563981744435594,101.00293503049446
11.808905717561213,54,34.59275407365795,124.54958573970406
9.008464412652215,56,32.10919427292626,122.58224196411706
10.974077263654218,17,15.004097791526823,110.16015427346439
14.961081032367842,52,10.973433517542382,91.72444315550378
12.737616460030187,15,23.524171467536405,108.72418662606592
0.12230766662209902,46,24.45769595164094,82.3173973997326
14.559217695186318,30,31.546936475139947,116.1731899965327
10.215435086616006,23,23.801299586945547,107.59498957379579
8.941098101065823,23,9.328318122240011,83.3361856113105
12.49822089068142,15,20.748556902296933,106.44787490851354
7.084176949584516,43,17.189356477939764,75.60868206366432
4.638166138733631,46,25.809744520805612,100.68668949596312
2.1003324230242844,38,13.548700066576536,64.37173350795453
12.340332630306577,23,13.29439054601767,90.27226603344556
7.164802929807064,11,37.06300419108427,116.82634011969063
4.450012478030525,49,27.143420895742562,97.7231532846164
4.141269395999798,58,39.51881933534165,117.72100019179014
2.996843563453551,26,31.04327584113081,93.60105671642744
6.518869130495681,46,5.093645065405208,75.80394099531429
4.816526121052032,20,14.592613611671293,70.50259683032337
11.639512046080057,31,13.726410837024034,77.85485798470995
9.914788512416564,20,4.897648051438042,84.06869240603797
5.514806618667939,11,5.960079309966142,67.79978214855171
8.770542730311437,52,14.145300768314444,96.3161408497291
12.581083769948497,33,32.13607644628839,121.42269203881769
4.785431629739138,16,29.44645763172811,99.86939045513644
4.306326470307345,49,29.532026292314985,92.58161984720292
2.570289426173413,45,13.076147859815656,70.44388504843242
6.961010977107019,35,10.838850956940345,78.70568762590115
7.026604791035571,15,13.110011795733172,78.96307729544108
0.9263903190260031,52,17.367819215173988,80.79918685096266
10.957540809546023,51,16.71164172834581,94.92795721196161
4.445891166341954,10,29.42293076130373,87.54403111409802
5.81796713478819,51,38.15243429564979,113.45457159733286
12.594846667052666,54,2.6838262047242756,92.5291818011955
12.997541145742536,52,10.39378521624474,87.00901705537848
7.133893654013161,14,35.61386803818695,109.93400104892144
3.6928796190840423,18,16.883512594169957,91.11749508626139
3.8117762732178444,20,31.033621856554802,101.00861552052713
13.562019628814621,20,27.6435550685934,120.72539145568223
9.850953677098309,37,5.213680783856591,76.72876914444983
5.373643136371712,21,21.667378048943906,80.4651720697809
4.6908899966629765,53,19.467343797521288,72.07316462329194
1.4297665505284185,52,37.112341734864096,123.73844684023902
4.359338464017724,22,13.063885786185452,87.45225055228298
6.295023479456735,31,20.648592210636703,97.31975029128179
11.426577958894217,17,37.32046971809388,122.08052990350743
13.70885460200579,14,31.691695267085404,114.68365968182667
4.6326393578065606,21,9.473927319523057,72.62923818312123
11.04060001586084,13,7.562346235207822,99.45192885054843
11.029291287588144,16,2.9623490788572404,81.1564761365521
13.796370372879226,55,1.7589836148327054,87.32080550677334
0.9530678161917888,36,4.490206965215311,50.295976332695325
14.76290764708712,43,12.851620760954336,98.98436534714689
12.797825634541427,23,29.087859498189232,117.64327750030012
0.7008097656808571,21,16.124433163903845,82.47499496611523
4.923218687091454,39,6.862206922182037,73.75239340252476
14.40484283233505,12,27.93000300618749,118.58736495666304
2.5343851194920024,45,8.987028581003171,77.55697500242627
9.194218062499477,58,14.146309950656972,103.01673463298026
2.770360619422152,23,10.953762204002043,77.21647708817515
1.5562776537524747,17,35.42834937656774,105.82041645596215
9.438601543323404,56,39.8929395111201,141.16161367099653
6.689506370033513,34,39.124353396680334,117.68769386905376
6.212405917968386,47,20.285904974784618,94.83023108135495
3.6104685919705615,31,20.931727790843272,86.93666481841933
6.531698826884388,24,7.803625729088566,73.17579648999234
1.2472358658044502,16,30.1937068006192,88.14285015089122
0.07616057256889464,52,39.558574054856535,109.19604342818421
6.338600269663452,27,22.342809756607515,98.58457590795621
2.9452233991100263,40,8.378293224287908,71.49050007960463
9.379342760856332,58,37.72236193314906,131.94923544973452
7.832497652754133,53,1.9016438676037595,72.18274438520172
10.459066824771472,44,34.044605984723454,121.15420027033649
0.2779307898745903,16,28.221592455820897,86.50041190389358
9.935930802878351,49,8.33429648851042,81.1909126681519
8.462056881033012,30,15.804218937546528,99.25672060101219
11.167074075299814,52,33.89782518292403,119.153108390033
13.560529157083364,51,4.105817824212679,80.90543408861123
13.394359240886864,49,1.670639286284854,79.47166224139336
11.4988606797952,13,3.249475222139222,79.34575806648705
2.248504391526142,37,23.388569567247316,77.14573302266847
14.963396889141615,36,15.3218110717241,92.62457814746733
12.135128674607463,46,20.636514254902195,89.33681246813235
8.596169337610924,53,2.983907647123538,62.11059045672617
2.106314366271737,56,39.07585257447132,127.37322436624059
7.613939217583381,58,36.3696130912171,125.34145353056587
4.3073415801711,42,3.1588595644840645,70.69455567846195
14.547463659273449,12,26.236824917884036,108.52832673460156
14.078475549219709,30,15.703846964441155,95.95692857985355
7.783921678259284,35,4.5011610396893476,69.9780113155158
14.160485857049515,13,13.02057802502362,92.73020157742158
5.198795242444753,26,10.21742817790431,84.95224475291366
9.328915519964141,25,37.594032060743324,127.78883997263954
0.3895056737564617,39,29.742385070228252,91.9185769476429
7.413941686190189,35,34.51802200841335,126.94249187663574
13.148726967367157,47,9.549228910639055,88.42077689127399
10.095165977430314,23,19.02507869604047,89.21842525001031
8.878169938374565,50,32.86007596963393,113.73200660644429
4.549236153399261,39,21.300139615108677,84.95246719163451
1.0505329373005412,30,2.7000970806621583,60.785019768570876
0.42448056309851656,58,28.725316616703275,89.4942544261931
2.42820681546235,20,16.688187887830253,87.54754206425494
4.008982018083301,21,12.028060853779404,56.10682087443682
5.278302237641459,24,3.323975945498008,66.0192805744265
6.906760938917356,43,12.164508390217087,74.9253891169999
12.903940258115334,58,31.966857308604414,130.88749661181615
14.758577547418103,30,19.613565029847713,96.4576706598601
3.2940091763133945,47,10.721962594423719,79.12781124983792
12.182091617469574,22,6.307937402188317,84.74463965196504
8.69030759512713,13,15.25194159265737,82.37449173243
3.912380241202958,38,16.523370626511866,81.37123188824056
1.1676369940769338,35,0.8947939313505149,31.4663058443894
13.848875348036245,31,13.527532505503652,93.50829259291051
0.9989666828963406,39,9.510667696996782,61.84745773995024
3.502618084752545,40,22.119426199563748,89.76656908602399
12.382343590756578,31,15.690814910682969,99.20742437509054
6.467502583895067,28,14.315783594182534,68.725360266
2.2374718142064145,35,18.188227028344638,73.26690648936587
3.0060355734203448,17,7.2881499042792885,68.31022981977941
5.292159096002391,39,32.81365326952603,93.61736275990101
13.04506594799065,37,35.89446309309128,123.97268523037647
6.359099360401842,44,10.81174004673322,71.06291879040616
12.481243900263497,36,32.66544005158285,118.85602451455102
12.877009601580687,44,17.08046765774288,102.72809524357118
3.9501878468872267,15,27.310713462797796,93.96085220762487
7.483348194324968,57,12.794315879273812,79.56092451589522
7.071552420155963,24,15.56930353978903,70.47796913336461
9.036947088572926,54,1.5383696586377482,79.63853425363085
8.56294313412743,56,39.5145821238747,126.80157371423955
1.9310722626530885,58,3.9169726862734766,72.39411513713742
1.6398875143170395,24,25.834701744345303,93.39745952836209
7.273847893501628,44,3.6644211350040212,69.40395312808266
5.90102537246935,35,32.28322647191299,98.09757046594879
6.032944167157006,56,4.3120398098139745,76.31012915784437
3.5715339499590186,36,22.09407128050738,84.98072200224817
4.2757075147910895,55,28.657010759351905,112.05056645858414
11.646740605325304,14,20.816539670451814,95.66168562684331
2.670354713391122,17,21.128715408211846,89.82455961413821
2.0835873093149266,14,39.097107995994264,111.56020100390305
0.3594156038742474,19,37.79573227377353,96.58033654649344
6.191979536987789,45,28.729731231531268,101.15580861860536
6.725119604350984,15,35.713376226221655,115.41172526045301
11.590583480474873,33,18.753794098360434,69.05949207826028
2.2495273742386814,43,7.10240175996161,59.776281628224
7.074001407293847,41,38.38369621412327,132.0959008299078
12.190351961492716,46,12.97693069603525,90.36361814741014
3.5796227530917353,48,7.847962591504847,60.85187534093504
0.17701025824901573,18,11.550631555449016,74.71125209979606
8.628447561419167,17,38.80789205961796,130.23009115866654
1.1043905612803984,31,32.05193599111993,97.65188154171038
11.584034491016071,45,28.460749607167205,112.21166708789686
2.0187475614230004,50,9.530939122496234,71.21815692257644
13.030153381706514,39,26.513581245972272,108.6203441321582
0.4212612335235433,11,21.689906113849673,74.06993609951218
5.824838996332138,55,11.9939268887864,87.16284897970432
13.747268381069626,58,35.767508027183325,135.86766781727985
8.410622986506253,32,3.193946892528756,74.62576429010196
11.08733838511288,58,25.80320680426825,111.60857717274392
13.29805989011203,54,37.19086755191273,136.3528444439086
2.9910404686372334,26,26.512743659064544,93.55440114235134
14.726546598888131,52,34.178100490937084,129.57982708826594
4.918187723811304,49,31.02945462148224,99.07043865815874
14.91094071469804,48,1.980486481041579,68.37925256110819
3.6915027283586586,12,16.52170022371613,74.11097877555436
2.22228234458344,17,32.122761056333594,91.35740429112661
0.25158823660423213,37,6.510172242125227,59.54644693828918
8.216499558373751,21,28.20925875555283,111.7769549573837
5.634982527497552,13,38.60750160773294,115.01393979287204
1.2195647076036742,36,30.57355409289301,92.6635387699496
3.740694182955586,16,7.4324681413271465,55.60410189426767
3.696661151570151,24,6.5519371977644125,64.00082179106755
11.447192489711227,47,9.906130678267765,88.46899608911316
11.914423174503979,24,35.368713440904564,126.95563518299535
3.6483853148448087,10,3.4012134000629723,57.30964288893341
3.217578565782105,26,12.303370024805158,64.6595201922135
9.733656442866874,25,19.12340505191152,95.1757305051555
5.643424826737573,53,11.106550686725218,87.80286233830671
14.807878523764316,29,2.8230479498365213,75.92840970748614
8.115369626480552,28,6.033106081783681,53.399142113137934
8.606242778110557,22,33.22075417438188,119.40744835688496
2.3200680428018137,34,13.86843452206052,61.18590184743792
1.5180223844498215,12,35.64511030721681,105.00939454514223
11.446824904527004,32,35.81962208239905,115.78121543512323
11.471758680340516,38,10.085775716060406,85.19156080436039
1.0397503294266515,41,34.978279860911265,96.50824136933772
3.912225663513491,23,17.02922740753,71.4220775157076
5.951068575313424,10,8.938616383879769,77.99844107657087
12.29099176331113,38,8.643122780277665,87.56519554151636
5.021538277270901,30,30.406113630239226,103.10438134665056
6.8466450337891205,26,17.226603315788292,77.28926369464332
13.077319430020378,56,25.967554263772683,100.69726837040913
1.0565602796048927,46,5.630392254273833,68.46717183948113
13.148247819282911,51,38.00256630137294,136.08160025895666
2.4793833520410216,45,19.181004127217626,84.41685346225078
5.518905992989272,14,37.79456772243492,119.61459840356764
2.0131533498451253,57,4.658719409655538,69.80774742673714
5.072212690466851,48,17.018854084117567,88.81357539722873
0.8648500724876079,36,7.322387809399169,66.29120978850271
10.579963104665449,18,32.73895701933175,100.52805920430934
7.9734791083174805,53,33.13437176184221,115.42105911227175
2.8964563345712477,17,36.40356129093229,107.72217792009795
9.48405399471053,11,34.07086093093354,110.40310949200638
9.63156582297667,14,8.898826804439635,73.58861925928872
0.06506462874197094,36,21.510326522520238,74.50962298101487
11.624074709505205,25,13.229836613700678,79.3526513996079
4.005584199915237,23,26.918171930932672,92.02084179073803
14.468392985588045,51,1.795835125362455,78.52799046478708
9.765282303034631,46,33.75794429102103,129.44505682256107
6.831376334387688,49,0.8581068125279634,59.62623210752511
1.5251449510310948,37,14.146005371825105,66.94049870181948
8.644752659385828,29,35.42497171462364,110.92876028283061
9.537660393105142,47,16.821698575458058,88.0717818033593
3.182865238551292,47,8.969939942741615,77.53799115323677
4.383802149484531,12,3.442415450180931,65.13642218421693
10.847654857926278,32,28.06111989150306,99.43685681974016
1.7163235670625694,54,28.921944334225998,106.89863699645876
7.49705229245771,15,27.14321109397496,86.2675866786458
4.460689608325535,28,34.675768122149165,111.78345649144956
9.506622880736288,10,16.184918231819605,91.41103695039759
5.3955774014955,33,11.952179825035865,85.64555967620082
0.4344545650254844,19,18.25252994277975,68.81754155778759
14.320184058289477,30,34.26198771479554,118.96702032760274
6.362236850596703,19,11.356208238409597,73.12155188604007
12.096158177501545,42,27.203714353883214,92.7495665510857
11.37847267258151,23,32.90163434891683,96.58943503838229
2.6422363726216713,30,31.18124169486975,91.86453499203367
14.628765303040023,44,22.41316187216683,104.16204509682692
5.570352865285439,34,30.685967558969356,93.64454771416202
1.4780502241763316,51,30.641491775234275,93.37041420442202
1.2722464903990431,19,3.7029108879952055,55.44886525295611
0.7448806790023238,55,2.5248227281675018,58.277627202656134
9.032458391099468,27,22.223299465742436,83.02629519673788
6.49371851287616,27,33.52635212990903,106.79974470553377
4.1050430088759,48,11.546893913962887,78.38826974013058
11.553158901186169,49,15.92722743366711,88.72169625734368
0.25493600520559656,38,26.741701553814835,88.76845910189823
13.035946613325544,41,30.382332069077854,109.29178311129091
6.648495479429331,34,14.387110774994207,86.03451925358655
7.1238172051927675,23,36.25828059026523,124.52718358441075
2.2117702890984994,34,0.4191674978212534,58.21454238159182
3.71686004656603,20,28.209822484125837,89.64972737894794
3.4382039872413412,58,6.886888981726069,78.04134545497773
0.06040437073543459,46,26.396953524617636,94.04924955125563
9.044872710369361,37,39.71076267541081,128.08609588492106
3.3510708233052346,40,2.9863631921439104,51.4810977328446
6.82050641646353,14,21.179419189760736,96.5421730303553
9.214360150323,15,19.013292813928828,91.94311601565694
2.4493444906086825,31,13.405871251935624,78.62246165303921
7.432363393638297,21,16.395687080884272,87.42083680716293
12.064432431375534,54,2.179828133581201,71.3751331134236
5.164536136565542,10,9.072636186922423,60.843693201146436
1.1418277562847268,50,29.2241323806911,88.76274432789266
13.492011520156588,36,26.059201584449447,110.5775366725319
14.2136193389618,22,14.17460996482494,77.27412479480866
10.661780363502205,28,33.108780474724,116.41131915227096
0.7204509976594053,24,36.70445587499058,96.22314668778372
9.213850540822323,16,36.38605010256294,118.41225114517614
6.404113633380753,26,17.228251000609433,76.60579157078637
7.2183260483553955,10,22.22290870960506,101.93603040258554
14.897856922649295,39,20.554087870490648,113.24909814860132
2.55649227944692,37,15.476189014415237,70.61939249248358
10.304920285125162,15,19.795854308972775,102.09031860626118
4.329018516897191,53,26.61720447554178,97.01792112716329
7.6692436082382685,48,22.5340443516683,92.14916704015495
11.777423957396119,49,10.012261571869491,94.2626626609254
3.5379496103090684,13,39.05146042610538,125.08554769936282
12.340217177926386,16,28.239204759106226,111.96363026752513
5.6121718582327915,13,31.505416248454203,97.5588046239171
7.575519097962889,43,22.620434021128396,98.56821108754824
14.97267356822703,18,4.496425013015735,84.27888624036011
5.092657411050626,26,18.63973110608007,60.856401955164316
12.333511317973473,46,18.94041122550991,90.45503933232057
7.499818443943816,18,15.025896310452232,79.63486959548132
13.583889808202722,32,16.84301972342887,89.82076326149452
6.129952596711103,37,5.814069821255918,79.3005834374876
11.296043529405916,41,18.411222278250477,105.50639897743062
4.238308918961757,58,39.559100279258374,126.52370478313664
11.750900005727875,32,29.500711916189317,106.49460552178047
7.8055914628194145,59,30.288825841486855,119.37430985472484
0.3828978160699936,12,2.9164040493318932,56.50555929175397
3.10666041902469,57,33.59025800748458,121.90096212588823
7.816114701277479,28,24.627934228382237,92.34056824507883
3.4167102487659573,21,7.578941437528566,79.6632103686969
2.6493336978571613,45,1.9913653778362228,59.23320298501405
2.112837732083415,30,14.139351654998311,68.01375865248517
9.665933067749021,24,16.188407922470237,97.54373146177197
10.063750036607907,38,22.898332366341094,106.07902988274107
7.4583549522586,22,32.414208522909064,115.84141199645576
4.731903833866205,12,34.210459321224405,108.21747432105184
1.5927673581539603,38,38.0443433996776,105.64042823163335
12.395073352462068,24,9.126203421204995,90.22332622069742
12.365406836397707,35,29.31013515717494,102.59287384425875
13.960335255059375,36,17.332911510117,100.27277435250089
4.369511500092856,20,20.874964105091806,89.18066887995838
7.512317453636358,32,37.8054641837369,133.02583469721282
14.915617021045637,21,10.863157208253789,78.92775550186624
2.8026445782045313,10,11.918235628642687,67.13772039722949
9.457124918594978,15,27.55487502767569,99.11106466725761
14.008186898130003,53,34.54731940887461,131.20016933000218
7.5792515930988555,28,19.298138230153093,88.96031869403774
1.2648708988691864,16,9.408778802587339,66.32093161347716
13.312427456604624,18,35.33271557952423,122.21181608692548
2.4285142250340215,42,9.220928401453495,63.142398450205064
5.695238547568337,32,4.19899146367396,66.80358464011618
12.00883197896228,52,20.7596427933564,109.0116137382511
11.90980940932874,41,28.308897106282345,114.65110621596821
11.378820484521146,10,30.59807374260759,105.80393570732008
10.82015200446261,23,27.83259500576387,97.69341405314083
7.909732693619561,12,5.167028504210145,64.80898654074498
2.58973972221683,30,16.311410322346205,79.07038619972904
14.727920922766003,50,15.133549781049393,108.01868420666477
8.299637289587181,23,23.30824172828192,84.12264192336548
11.278326641102772,47,22.549573403786024,110.99259660068834
0.4528020924669851,30,20.544540548940734,74.20517600751124
13.87841003244396,17,18.234847702296932,107.91801929758952
2.1163732459521074,37,19.305690497232746,85.99957681511904
0.2783926472021314,47,38.75088527177385,104.67339937360533
10.997715812437747,12,32.88370040289024,122.44033031077407
0.7788195124208319,47,26.374936131517572,82.16753151665692
9.065354783037408,56,26.029918447167425,110.94781992805336
13.69770124713589,47,1.8977545088961012,77.58240142285277
12.496486837940903,20,32.01397133350974,111.69384522639731
14.023921408176518,15,14.51393444626456,98.9229877986369
7.968001368827307,27,20.02717887715949,76.8949624586137
14.712183139709952,41,13.319313921416374,92.70918988538993
2.838312676182005,40,36.495390427865814,109.46560078929576
12.194386170846073,40,39.308938793935475,136.46196124201037
12.84122007948673,48,39.34876942752388,141.73103215153972
12.245099254620696,43,18.95116940011366,86.32504534441077
0.816052913612107,41,35.85475787030137,102.80784602910299
13.320837441985043,28,26.55169627201068,105.05926586294457
13.91234163939064,34,26.68984356571926,103.14301355154855
14.20550813254162,29,3.670679918075024,85.07841033844787
7.0953199900900135,47,8.523792662946871,80.95892927421633
9.604219000217833,38,3.6771170752950333,84.41520646180652
9.595312911447241,38,22.02187034761461,106.391970869118
14.791312609412087,37,7.165889755359776,81.80566420860892
9.16415915353669,32,4.31495756256723,73.99599885856897
7.441933618795498,56,39.58883284923275,130.05840262197438
6.252843168632804,48,18.96432969826813,86.85191746764218
3.67326023120068,19,9.357839826873771,66.79812797052885
8.081397903359745,53,30.7075626538602,118.10862088785264
9.53322208166625,33,16.07042298084551,91.5561123559113
5.20532753008313,20,20.859901674226787,82.98629972625177
13.590025709214602,48,8.487126440090439,76.51693873653926
11.924282005851325,18,5.19112922353246,74.41977893688721
3.4437777141328656,44,11.578259303276326,80.18997499606483
5.954884688088301,15,21.848231671063502,93.30114715960804
9.878792644205594,11,28.442957593676038,114.70158204348131
12.5759139734896,41,33.04706563213421,121.6657573918522
7.868040753296373,48,25.573636945259935,103.49315424571523
13.56785309375587,49,31.661067907116816,129.9628063094732
3.686643772646762,32,27.049758002206712,94.50142696189822
9.290267624643251,43,6.734658709006842,74.7971590735507
9.500813024546131,15,38.41958718749818,124.34151134132092
1.654693936915388,26,8.768424430485036,70.70129502704492
7.9136498183822095,50,17.166997413920132,97.82105608973205
8.557167235079163,48,2.946793439846078,69.10047706557418
4.656574678502212,55,34.73045457358491,107.78467749761917
10.54013270674109,16,38.1733379564828,138.08239638351617
9.712221428494436,50,25.48013524551294,96.90322330642923
3.089745222900009,26,37.91435849834641,103.5193382024768
11.67423696573671,36,38.68438388785374,136.21786685181186
6.418382340541696,13,29.40694104341037,97.47802513461538
6.2776624208185146,28,3.500383024184832,51.566909331654955
9.307768503082434,57,17.73081054150484,101.02019333447738
3.20405152215153,59,5.589915074775371,63.63433938346568
8.06190653201631,36,8.272622662216094,88.36448104107092
9.562645056591325,44,38.12811783325594,130.2293504583278
1.1424775153024886,44,22.786203117209297,107.77706534689082
12.168377810231405,42,24.704492594919337,102.15625180924914
11.850920528587439,33,30.385725004139836,116.49620462393963
1.9752926948396126,33,11.531929097324198,75.99396719491601
1.66279151273844,42,25.718378156375987,76.96972835673725
12.452735059733975,22,32.21458320830645,112.48625856363954
11.785007517254126,30,10.324635280623582,88.47036575539886
2.3603883469106024,18,7.531724859660152,69.2348297313271
7.789055138908602,55,8.324883254139067,79.88860479664153
10.051232394220916,10,5.533132148511708,79.75783166015867
8.249954065750172,31,31.758377315746657,103.23906911948055
6.938276389669109,33,10.764024775673287,80.89593688684921
8.487468848023388,40,26.83996386585918,99.67678277411993
11.660031600181625,26,17.92614249274667,92.79817808953824
3.6006771497424266,16,32.583242976329814,106.48875790846192
12.03039858318001,46,1.7720110264237476,68.70341334956422
14.130826655469443,58,32.06556095207467,122.42066791027445
12.930501729366494,24,21.192453957675582,97.81350432389175
6.65436139978273,26,0.2386773879064341,60.64641290038633
8.284239655613067,26,9.01000454820232,81.2808846167731
9.51019538939843,10,12.117130829002246,82.65891900419781
12.678687219178085,10,32.28957676927375,128.6436094988566
14.983648955671121,20,14.235190944133262,92.1323819368249
10.978897106014687,22,19.877291705106224,78.40399088495549
6.912920676047851,52,1.841413221349546,69.8558580065392
4.409498500571868,26,4.65082412053778,63.31999172621933
10.86904347757191,42,5.657878513494605,78.07166061162646
3.6193667502941884,49,32.16267253213587,106.0979866722703
14.727820851171543,52,5.216403565761341,90.54579432051945
6.974543405617916,26,15.625186798196399,88.04689861600828
7.8304912820973005,35,12.899551268080312,77.63455085718857
5.811063947453635,43,11.109188868467168,75.62252824972123
8.314477689486663,57,9.34334177877679,84.01749186202593
13.779321779152985,36,13.706211963360918,91.70992423828346
9.102488937743153,17,15.839025692616433,80.83159424885531
13.741320430371694,33,6.062215382953049,85.35843686452878
2.9187901264482976,45,7.649390418351554,65.4012823410171
1.7575781230509846,59,1.9923910337878414,60.685918571506996
1.3797449742220724,55,34.20087116188028,108.28439757399418
8.774459765624046,34,33.92565262475232,109.90811179676506
3.5397607549098393,54,10.897903406531363,84.16861256329824
9.016868660946233,31,38.627046593400266,125.44509646566443
5.745871231646015,52,34.885329088868346,108.00234175957148
6.834428999481572,37,35.790119239720866,113.00468371531451
5.954569621254057,49,22.028989628790306,90.94854833062165
2.807048809980095,12,31.130792641769144,99.51008809127686
5.551362771257487,42,18.1093702841411,69.985056182272
13.348489734214128,49,14.907087091052421,87.96770225431463
14.239405185945907,23,19.84546047713492,96.61740124277041
10.795127862868178,59,3.131418523002556,73.31773518905698
7.254482997057496,18,12.273812087067238,87.83326794047758
2.6413724814120068,39,17.266348109579496,79.9910558695232
13.22839171114439,29,27.763208515594666,111.67188110981438
0.12441169977748245,34,8.207915726359204,63.370711326975396
12.59810109230504,58,0.769621523325692,95.57041923784615
12.651857754750749,42,30.284065247506263,104.3085510480235
3.6860633294258456,40,5.989133890980618,60.77046531538126
0.04852217839149631,59,19.899559112758,83.21514010293252
11.943713490573554,58,37.12741487262313,133.44339947685683
9.954469525029971,14,26.458453130405356,96.32714723194191
4.365053308339025,32,16.61991069058319,82.95523922514532
9.427843537693146,20,13.672362650145962,87.47777154791143
11.402795627462048,56,16.993622115428884,97.29096563554565
0.3579957897746172,32,4.104446765826473,37.278504443693684
3.7257150670575454,22,27.888952107572393,95.30411846432126
0.14482360356825263,48,36.18325579432623,108.0681275983929
7.270337386611771,17,6.169286636034892,71.77929068550249
4.225768127154267,22,15.700657786579315,75.88908567639953
3.026351202461952,35,13.667698402876244,75.92345883047021
10.067788982058378,13,31.12978434852517,99.78415644111561
8.603703278738505,59,32.39703091580444,117.64433499061863
5.1990504820749655,15,23.186775100423613,95.95571337340057
3.0585435445653846,28,0.29933401443358765,55.97555688897417
3.392638834778085,58,13.590287073408307,82.99418324027879
3.906162841476268,11,38.32795509293525,117.55701298921835
8.008812433638196,14,7.787807886130262,67.77219847745411
14.882183708547734,20,4.228744765561143,81.45047335259514
5.223492661960691,20,35.10472228020062,113.91398695981967
1.2826955403277285,41,28.299468552306443,94.84207483880756
14.702315021407605,54,27.532508409503965,113.25336323456528
3.8012444146592643,50,23.29102179582863,90.48190321064591
2.012483669944843,47,4.144690755944347,57.30672247446507
10.29025460151732,27,26.68565713022123,94.14568408829201
4.576970989833658,14,17.278373248424444,72.54629878181083
9.492588536248086,44,17.64107521037797,89.10550434126208
11.726178330186633,18,13.382582355506788,85.8284280451193
13.678124037017565,56,20.294279288777307,95.9247112777261
3.6125611342047654,44,24.051136011526832,86.73228536364081
12.665203954993258,40,39.816242604198756,128.38003120553248
2.408839956777358,56,21.46125804912377,95.97377561835746
6.6967446462207585,33,1.2239003294729178,64.35201867477183
11.664017948689013,47,4.974276014779391,74.4729643502074
2.402693681906898,18,26.421760130970206,93.45305279098572
5.285878885923946,26,34.27748402326053,91.8122705425369
14.654627508246515,46,1.8001109025840512,79.93184116717991
14.629199334119885,18,19.916056186633302,95.82896465411828
0.40609976974362527,55,18.862007299248603,77.40879205342509
8.456800384395038,50,9.155906728896678,88.46465726320905
1.0400462461648063,58,3.220152971577881,77.89396281711663
3.3394130282855166,30,3.7390635072314415,68.08618420764738
2.7197955396459927,41,25.951129845120114,94.78397071263183
7.580185876865205,13,37.30901001165851,113.90537109422371
7.837089840840894,17,39.251929899774154,125.37348227002002
10.487865008833918,44,4.304866282317481,71.8337698575868
5.6617582165809965,24,15.149777705325974,86.82475112218405
7.306792853370877,56,35.03086159111626,126.39053941666177
11.946113139383149,59,32.83143670277298,115.03410406882294
3.504151546814576,37,22.955172043763618,85.23343344465081
9.07922711177262,54,36.82217231810908,117.10851369598721
7.555166671125393,49,2.4387873683447214,83.18704124547016
1.9457265408041113,58,2.398079292449351,60.958856185667436
7.670433163757644,46,23.834816268701754,101.61053485280323
8.59660509996953,35,17.660568500826944,88.82765903970687
2.3247209776115496,59,29.779358614498314,100.07632284027319
2.6779634840087008,29,28.052982296423224,70.65409253779517
0.48612014915405066,11,5.2541402645638735,53.30151979511404
8.96482040451797,29,13.609295009532909,81.67038083836022
5.078550412976886,20,34.063898890055945,98.31914865969541
14.371462685874196,23,25.1282526285041,103.12056085904642
2.376831176261299,40,29.14192514288675,85.820667377001
7.71757561587389,36,26.503329677706695,102.98004302289566
6.1473641731251245,30,4.461398100763203,65.78840843644085
1.2048499626122982,37,34.7619368194768,100.38286428293286
2.0564744217440816,24,7.508084350388029,57.63223362136049
8.188022060633486,41,19.68544891951384,91.46678084371061
9.498828208967534,59,37.00733845164538,135.75763846397192
11.85534936340414,33,37.228417202486895,125.65553226637545
11.138091197295902,54,32.98549776039242,125.0873319434962
7.655039851716218,51,38.204128238254675,124.24542770999305
6.2487981890099356,22,13.430116126883078,74.30146974182868
0.31618040049942897,23,28.4607134201897,85.80277436205827
14.639461989468185,28,14.147527280438243,92.37055242040147
0.012458427432205377,10,31.048807176977355,90.63451279549078
9.048291839982586,12,0.3757280545373609,57.515768915244855
10.69379026679411,14,20.21571664312483,88.21936556015629
7.568189270943569,43,1.8180453966497945,78.13155197295171
0.8674055225563126,51,30.57836689208954,86.30054449111648
5.52479523025122,48,12.132783904088589,86.65409215386505
5.441592165634689,30,9.919869590024355,76.4384375902861
13.50540397758633,37,26.454044450607526,100.03316023271103
6.092185518643491,41,35.58317702859816,121.47904851695894
13.614284060454425,35,35.272345597346906,119.11036805677416
1.9543919810045014,33,6.794759039224716,65.90245838525153
0.07209669009153874,33,17.895542146763233,68.11440021682792
5.871851889571288,24,12.539027083373018,72.5871819824816
3.9313645049278745,12,4.690528988570142,55.62931939794812
14.378758917526586,58,0.11070751462503914,93.2953196795661
13.22265677093282,58,18.671867861622417,107.39171845526941
6.0238621808337465,33,8.989074668406086,65.98607039071213
0.6873014740846006,33,27.551240227701573,81.77222385409767
11.756106055067239,37,9.293079130611552,82.34292279565312
1.5006928506475843,33,38.26455060812771,110.14500868540351
8.504644272726782,24,29.18282520188296,104.91659147520751
0.9732633989171752,12,31.492320640013,85.48329225752562
3.115168262066275,36,20.47793535985533,87.68692691123265
0.12038226750998138,30,26.775181269757894,66.15353876321483
14.049672666532171,57,17.889141911591313,104.68654677606007
11.258617133916081,42,28.523301793227912,109.09871495082794
7.553504778078838,18,28.246305012281276,109.67986588001484
0.35001428109456834,16,19.353274130790673,73.36186007576858
8.64873850332674,33,19.25762200926365,86.6237234555238
5.40135250420123,23,6.112143630007045,77.42765261450533
10.811397049437618,40,12.530563324080394,86.76207327338408
8.454597626514648,52,6.62811870557225,80.34781798515502
9.363953758983797,19,34.88922281069688,114.39260084458286
6.660292481432006,12,17.15452349933811,83.16103897021787
6.325855277507653,30,29.925998835348256,101.80669942338616
8.086996192768309,12,29.88920589344574,114.20840267398313
6.547470266012724,55,7.738836333367822,84.60695537840839
11.430067431297832,27,23.290614361091944,88.57197149855321
2.555380193729116,55,23.41146049243069,96.74262450288137
7.2261462761257675,16,1.697943770340129,60.22564961354107
8.035562799046062,59,18.672493471483335,99.60321814233976
14.297070237619492,37,3.5316073737679554,76.7822930098883
5.172613716009714,14,2.2932846367028326,58.31808542475495
14.115074450639764,41,14.632036841550558,108.89130219269968
9.931718429435124,18,1.4760576015673443,73.58079153346974
5.930220551397445,49,39.85686723786641,129.7772744514576
5.3064820875624,18,20.809486839853157,87.93686222129652
8.442331621949418,48,33.47276119648504,121.77489197819196
7.905315984759876,59,33.17152143285804,127.70864230264479
10.865059000337721,24,36.19150097519124,128.0604965876048
8.862977991541875,12,8.498274626665063,94.10692720970364
14.251689521321692,30,20.30986422573396,95.98064167146308
10.728257352057504,44,12.593860080840047,98.45210372418364
9.86854868798707,20,27.244641739956677,109.16981560388274
7.963406761206077,16,7.718364932926907,64.48547176934665
3.651661285770245,21,36.85330312864166,98.45881730241713
3.341585770919184,54,9.697390497043234,83.10649236702842
5.665676952017331,46,0.8739150275708107,72.55225747276954
4.346815412262611,30,4.682886972271905,65.05394839567577
6.485712153305713,18,20.41232181566543,82.47249855394816
9.21988105224463,50,34.552420055204955,117.78172212398665
11.356346050894738,37,6.668646864386245,78.44323865312494
13.067046706023405,53,3.5814563445002046,87.47948832748133
5.870507302128731,24,21.868872993872937,76.17142344049799
10.046919449046058,32,17.166345495060913,80.30216112677464
0.873180181204562,24,31.19879480474383,90.34248245764121
14.427927657102865,46,2.2527896128034275,66.73430600123525
10.985993017093419,32,8.149403179540045,85.4784740785697
5.05532634504002,42,22.429174764067863,80.49767244871624
8.677156394614762,53,32.8825938425401,119.27282810917747
4.030515281355312,14,17.916216160970194,77.00332504942322
5.948745994596142,41,38.11875058204703,119.14352955727759
8.503260144302537,45,10.002610792425957,88.50165648872897
4.6987537646977025,55,28.188679250538303,111.27621569399582
12.105393212707096,59,33.55968695163965,120.7654047444931
0.09961289676967522,10,12.418443500609495,69.31418120050719
11.372718195705055,14,20.913096915190113,100.52985456635282
11.877285804395886,17,7.8983486174632755,86.19308146161134
6.089269337744241,45,15.206104725789462,84.06636939373226
0.8309237821259896,50,13.136713841915304,72.83946862446275
11.851030553170954,13,23.29984883322745,100.88249362398219
12.512322612805379,17,39.45458531547295,135.58621167896212
10.293757895506646,58,7.697928187720247,93.67692589443853
5.725507875581684,50,29.076637865544885,108.25042735209529
2.674733078943048,38,39.06771965452595,115.45596206107284
13.861944380797334,44,12.737023767147102,92.01582588756781
12.729240882143227,47,10.166505533941095,81.1148858665374
7.35772919069707,22,16.800596930011423,90.12358302728722
4.310956786881696,44,10.184952436617657,71.5259995844038
4.596693289397944,56,32.83030664015064,118.50229981262594
6.118418237029967,53,4.076795215375748,81.5010421187071
0.5993831985005033,34,19.73416799164412,78.50783136668133
5.444885141041529,31,13.986361738078097,79.11393788227274
14.165890232133137,33,32.95817784352703,102.70470520103032
12.724462182404475,49,23.4376687711934,95.05468090384235
5.215055101473134,31,38.76404018519325,113.70309938676498
14.355107248179834,47,28.821850593985744,108.86410889330956
7.5409752766902445,19,22.547143694898434,99.59845456744259
13.19770074960945,20,36.50687335161108,130.38691293037036
8.280398212096411,44,32.71967088849689,113.64054377384568
4.1341908535072625,52,22.588747195353356,91.12512116915711
13.401050073077112,42,7.49811482585911,95.46712946481169
10.94113981222516,54,2.3273166263615375,77.99635004182998
12.650430409213559,33,7.664770955660636,69.49421117107477
7.552960792085423,19,1.305029056798106,53.18307526370484
5.379049897028262,46,11.675477635836039,74.25910873450827
4.501920461602815,36,17.185076290183595,76.39754374419196
5.696395150900691,54,18.006934442395483,92.8824238021108
13.184793065947739,36,35.480765014846554,117.17430023589941
6.7784235445061665,51,29.86485798944999,112.62179799899533
10.92007998137715,10,7.337362614387093,83.54714013897284
5.823968026558001,36,22.110622374020338,87.03370374236337
4.470166446296703,36,13.409255940626963,78.4185860759321
11.434563258433409,11,9.073088298207225,89.28409447227654
12.556711494415104,29,11.528546633950278,93.33932112614046
0.2561816615700818,15,38.64545452223636,101.30535418670084
2.0790582688943453,42,31.318456971218644,93.46953334537662
0.09885950139371824,37,26.597182324598904,85.53709439361205
9.209150250104932,20,20.39384134251366,89.08155121331085
3.461284282790878,57,25.286008105025353,100.78274462721622
2.181344575927246,24,12.194236359086347,59.962996171894744
1.5657419256753418,57,12.032882604915027,79.58766880041978
8.191693131212226,45,32.295375336231324,109.8184719388369
10.160770747569066,49,14.712324217300154,89.1448074562613
12.391467870256637,26,34.563520365496046,116.62716893984938
6.3489666836793965,36,3.5173147196224397,67.4467129764863
11.565644309314758,48,17.46948326967906,96.99544450233698
12.312207962512085,28,34.907306100019525,120.98749763309822
14.121207292621548,16,13.020979450350737,86.01915141674841
12.69796344136473,50,24.72075010296891,101.12846471492762
8.967075662954395,24,3.6598481953492223,65.16066731299858
6.5935030904395955,49,15.902937634219967,85.14107785295992
8.942654308668232,51,17.49458684194262,90.51464833225285
4.258514440018775,29,6.490688996377787,58.151885830478705
10.424327241292207,13,28.67885588856129,111.44332626056023
11.8115042027121,31,35.80849265828494,111.58050510325738
12.121648654194688,32,13.113776470660055,88.50498310460014
10.24222227679774,15,31.024442254553062,104.2391181720203
7.863288451865558,50,9.931773626541801,86.26929285473979
6.413594671499391,41,26.864167824944637,111.99971216196565
4.572446193283933,16,19.266643082976994,82.70371528577317
12.466583021914039,54,23.862335037526986,104.0069486282197
11.21169417022863,55,1.758427147181565,68.0382545666372
7.058652308932832,35,20.218869337083238,86.35270103925845
2.207401049317294,42,30.18129804467447,100.10402230004753
0.5348378933355324,30,8.874715026055227,64.61555389233598
4.427528998404499,30,15.373917676128999,69.42604321364345
13.078556810091314,55,1.9801468867860939,85.67168336431757
12.217143204361896,56,8.346489254755847,109.66912373359732
11.016861707248392,24,21.55812795125606,93.65028485727323
11.335071778425204,29,2.5579055553028684,63.607222164029736
11.608741083092761,33,16.61306466179702,77.87001063075601
3.6456203456539322,30,19.961075319165648,75.28058070749435
7.36811565628132,30,8.571211659354038,71.28870399711587
2.532880620157653,15,19.381925872863114,78.4876378098502
10.329768259244592,18,11.729943538831744,90.52475217399966
0.09699065359803694,58,13.342645308122783,74.2386858815131
13.644700198054833,35,0.5880254003811336,69.61690161827624
3.2448035117089162,28,19.111360415776826,77.86858363740565
11.45511304894307,39,26.296436139296198,100.89817312011766
8.078410079605183,23,34.448840653171864,121.94846030253775
7.17168193863092,26,25.865473829587685,108.95393833127511
14.160556405053521,30,0.018626936137504657,71.91944603641139
12.254296250872839,15,17.85670685346961,103.28934385797909
0.3620594819901818,38,16.88767228427635,75.43697305714248
13.51710738362482,11,35.39727256136877,127.35989088563525
4.6741459644662635,59,30.062257672925718,112.9293316483237
11.607250511041176,52,33.141310853366,104.68740200443904
11.769135321998201,55,19.64885779169887,97.7062834283611
7.501631814788937,46,12.791835288157065,94.58128529191438
11.580622037750764,23,7.949885606131528,75.75878560253749
7.849820694031167,45,13.711622566921093,87.94147015816738
11.843030756991903,29,38.84743563102373,134.0377101657185
5.810428684603223,50,12.442171842505022,81.38032535922189
7.424092309978732,41,30.193708732419648,109.73960749614538
1.9106140963237968,57,37.52923022417261,100.83182168548772
8.951094959340432,19,3.108178867402147,76.99428826830798
6.9435403043136645,58,27.734838050986262,100.46495099275198
4.709344306392724,19,16.026963846586423,78.03868618714368
13.451429740104706,39,19.02367264494191,95.52166515491723
0.6455299594776909,39,5.142284241715838,50.91842429891112
10.966607223622525,15,18.59418694313339,98.25241975098628
2.9505977319241286,50,3.842284091003001,48.75756114914764
12.356514124024011,42,20.11128794629489,115.16651741836579
13.91863208953517,42,9.552678751529715,90.23746815945083
14.935330731991005,43,28.119694838482072,108.003077838676
14.535569537649138,53,13.106491044520503,102.58382485402699
12.490631444668848,37,0.46333043767052384,74.4675625343118
9.26261302576686,16,34.84433220266733,125.41639146468268
9.778623040218205,33,23.980761514173103,94.73179450770309
3.8968728870732425,27,9.621210571296018,64.20289343128647
8.847199518690726,20,37.57769340707914,111.31439204220327
14.941232793654565,40,9.33916414938913,94.68404489982305
11.189871222420653,49,20.403865062274118,103.62174411921708
12.559874498296137,54,20.235193835713915,90.7933615149675
10.773251939775397,39,21.61516997243467,92.47679771383032
0.5338174267914897,58,10.508622848429866,88.36021651110198
6.400541198308752,46,39.14425831455483,118.59222079791196
8.53530212603381,37,1.36786867170418,72.31828450773773
10.08758144755491,41,30.151766796445067,104.8749881538489
10.865157100458303,29,36.86252429898992,132.88725837589894
0.6994601456260535,24,3.8129402459112205,55.09641315829987
8.302692652576383,50,26.266777064356287,115.32889918741279
11.881705006048689,37,38.269320995331256,129.3331532945223
2.912168449076185,54,0.3352482030158299,72.1264293827254
12.559407477309662,51,7.9137759738805835,86.47475594299745
2.202503546358086,52,20.43795384137259,82.70461268689085
10.324822245435564,41,32.09432828855483,113.69007716933751
5.353331003697928,37,36.67868659895515,105.18346504485773
12.715295083318711,38,11.07007063784148,87.93519568090449
12.643691376333853,14,18.17488576052824,93.81804156773896
12.947485549156935,53,22.513726270710627,113.1323397523143
12.531138313756538,49,35.36983108134785,127.51426822701114
11.339337046341619,16,5.819877821962125,68.97780771680355
10.273387236711581,19,6.2813233880074515,86.97575256803215
12.022526147546277,36,4.867927943449688,71.03538402810238
2.866259768718633,13,29.361107418575987,88.91270119949282
4.6481726321845835,22,18.15862470069177,78.36267794511083
6.8262911166167255,42,13.848328979320943,84.18081794440407
4.655274246942506,30,36.845938757898715,101.09821572267683
11.823463251327519,21,30.76705963500838,119.91375003168675
1.062139208541284,48,4.77362077419238,67.08123062393044
5.891992200335158,27,4.502057560083181,77.09858643209563
5.791486733692201,23,19.317459834263325,81.66101982778298
3.2645647268628846,59,21.045959010062557,111.0864308875432
11.973513871164728,17,19.525730993038735,97.59618913777756
13.348961917095076,21,27.7474604139871,101.0518258781352
4.314453731378148,55,37.65032938514199,121.26974595276674
2.974930680767578,38,5.362989940292504,63.62619035640777
11.630187785933042,31,22.063793539117164,93.08230161444929
13.078111163124117,18,33.07350202445183,109.14461600119442
6.978085988642021,39,30.19696991594341,98.99338376015324
6.588353802470202,29,3.641147433583334,61.75981991346718
12.113174024241955,19,24.132584497268994,97.8584020127138
9.69752662757694,43,24.41752066646397,104.39999072877457
14.59822959044082,43,7.891303106936638,82.8492322916689
3.1685908249119588,34,35.95533294337973,114.49645768822619
5.8658683792217206,10,32.014368703672865,114.75413807255977
8.674261336338203,15,34.41057841863605,113.01350111175881
13.279957584782679,47,7.265481166780261,95.35030190438319
11.056011863100938,58,2.477123131165122,88.42536237482966
11.80474596042436,32,17.408052477237014,91.18557898979809
2.168470558680382,52,30.52953551489592,102.96022850421335
11.628809539720082,18,2.750144407786963,65.64771285288037
9.24731473096297,23,11.313026034737215,76.9737648928724
6.255207534644235,46,35.01606619028464,99.89296466382704
2.0006108452378264,21,14.693869548548033,71.04519428482334
2.870746799118527,24,1.0863367474775298,58.856471815365076
5.085532231479618,26,32.91329667952165,96.26273928123308
